{
	"info": {
		"_postman_id": "da9ecf5e-8468-4509-b6b8-de59fb276bb3",
		"name": "q3-mock-api-500",
		"schema": "https://schema.getpostman.com/json/collection/v2.1.0/collection.json",
		"_exporter_id": "14749857"
	},
	"item": [
		{
			"name": "mock-apii/500",
			"protocolProfileBehavior": {
				"disableBodyPruning": true
			},
			"request": {
				"method": "GET",
				"header": [],
				"body": {
					"mode": "raw",
					"raw": ""
				},
				"url": {
					"raw": "{{url}}/mock-apii/500",
					"host": [
						"{{url}}"
					],
					"path": [
						"mock-apii",
						"500"
					]
				}
			},
			"response": [
				{
					"name": "Default",
					"originalRequest": {
						"method": "GET",
						"header": [],
						"body": {
							"mode": "raw",
							"raw": ""
						},
						"url": {
							"raw": "{{url}}/mock-apii/500",
							"host": [
								"{{url}}"
							],
							"path": [
								"mock-apii",
								"500"
							]
						}
					},
					"code": 500,
					"_postman_previewlanguage": null,
					"header": null,
					"cookie": [],
					"body": "{\"new-error\":\"server side error\"}"
				},
				{
					"name": "mock-apii/500",
					"originalRequest": {
						"method": "GET",
						"header": [],
						"body": {
							"mode": "raw",
							"raw": ""
						},
						"url": {
							"raw": "{{url}}/mock-apii/500",
							"host": [
								"{{url}}"
							],
							"path": [
								"mock-apii",
								"500"
							]
						}
					},
					"status": "Internal Server Error",
					"code": 500,
					"_postman_previewlanguage": "html",
					"header": [
						{
							"key": "Date",
							"value": "Mon, 13 Feb 2023 15:08:48 GMT"
						},
						{
							"key": "Content-Type",
							"value": "text/html; charset=utf-8"
						},
						{
							"key": "Content-Length",
							"value": "33"
						},
						{
							"key": "Connection",
							"value": "keep-alive"
						},
						{
							"key": "x-srv-trace",
							"value": "v=1;t=3cdecf76083584b7"
						},
						{
							"key": "x-srv-span",
							"value": "v=1;s=2e2dddc5fa19c28e"
						},
						{
							"key": "Access-Control-Allow-Origin",
							"value": "*"
						},
						{
							"key": "X-RateLimit-Limit",
							"value": "120"
						},
						{
							"key": "X-RateLimit-Remaining",
							"value": "118"
						},
						{
							"key": "X-RateLimit-Reset",
							"value": "1676300978"
						},
						{
							"key": "ETag",
							"value": "W/\"21-aLw3iKsmEkW3M9jmSf3emRf3eSE\""
						},
						{
							"key": "Vary",
							"value": "Accept-Encoding"
						}
					],
					"cookie": [],
					"body": "{\"new-error\":\"server side error\"}"
				}
			]
		}
	],
	"variable": [
		{
			"key": "url",
			"value": "https://eb2c921b-0494-4ed6-8a65-058657b7706f.mock.pstmn.io"
		}
	]
}