{
	"info": {
		"_postman_id": "6dc96b69-efdf-4557-acfc-ec1346a952e8",
		"name": "q4-mock-api-401",
		"schema": "https://schema.getpostman.com/json/collection/v2.1.0/collection.json",
		"_exporter_id": "14749857"
	},
	"item": [
		{
			"name": "mock-api/401",
			"protocolProfileBehavior": {
				"disableBodyPruning": true
			},
			"request": {
				"method": "GET",
				"header": [],
				"body": {
					"mode": "raw",
					"raw": ""
				},
				"url": {
					"raw": "{{url}}/mock-api/401",
					"host": [
						"{{url}}"
					],
					"path": [
						"mock-api",
						"401"
					]
				}
			},
			"response": [
				{
					"name": "Default",
					"originalRequest": {
						"method": "GET",
						"header": [],
						"body": {
							"mode": "raw",
							"raw": ""
						},
						"url": {
							"raw": "{{url}}/mock-api/401",
							"host": [
								"{{url}}"
							],
							"path": [
								"mock-api",
								"401"
							]
						}
					},
					"code": 401,
					"_postman_previewlanguage": null,
					"header": null,
					"cookie": [],
					"body": "{\"new-error\":\"client side error\"}"
				}
			]
		}
	],
	"variable": [
		{
			"key": "url",
			"value": "https://e7914fc2-9f98-4c29-bc1f-be63bebaa2ce.mock.pstmn.io"
		}
	]
}