{
	"info": {
		"_postman_id": "a813d197-0226-47b4-b482-1bc65a9dbff9",
		"name": "q5-mock-api-post",
		"schema": "https://schema.getpostman.com/json/collection/v2.1.0/collection.json",
		"_exporter_id": "14749857"
	},
	"item": [
		{
			"name": "mock-api/post",
			"request": {
				"method": "POST",
				"header": [],
				"body": {
					"mode": "raw",
					"raw": "{\"name\":\"surjeet\"}",
					"options": {
						"raw": {
							"language": "json"
						}
					}
				},
				"url": {
					"raw": "{{url}}/mock-api/post",
					"host": [
						"{{url}}"
					],
					"path": [
						"mock-api",
						"post"
					]
				}
			},
			"response": [
				{
					"name": "Default",
					"originalRequest": {
						"method": "POST",
						"header": [],
						"url": {
							"raw": "{{url}}/mock-api/post",
							"host": [
								"{{url}}"
							],
							"path": [
								"mock-api",
								"post"
							]
						}
					},
					"code": 201,
					"_postman_previewlanguage": "json",
					"header": [
						{
							"key": "Content-Type",
							"value": "application/json",
							"name": "Content-Type",
							"description": "",
							"type": "text"
						}
					],
					"cookie": [],
					"body": "{\"respons\":{\"name\":\"surjeet\"}}"
				}
			]
		}
	],
	"variable": [
		{
			"key": "url",
			"value": "https://7fbb125c-372a-469f-9bd5-95d85d6bc231.mock.pstmn.io"
		}
	]
}