{
	"info": {
		"_postman_id": "c256b67a-443a-472c-b8a2-2877add17af6",
		"name": "q6-mock-api-put",
		"schema": "https://schema.getpostman.com/json/collection/v2.1.0/collection.json",
		"_exporter_id": "14749857"
	},
	"item": [
		{
			"name": "file",
			"request": {
				"method": "PUT",
				"header": [
					{
						"key": "Content-Type",
						"value": "application/pdf",
						"description": "PDF",
						"type": "text"
					},
					{
						"key": "Password",
						"value": "test@123",
						"type": "text"
					}
				],
				"body": {
					"mode": "file",
					"file": {
						"src": "ZeNcCMUSh/ticket2.pdf"
					}
				},
				"url": {
					"raw": "{{url}}/file/password",
					"host": [
						"{{url}}"
					],
					"path": [
						"file",
						"password"
					]
				}
			},
			"response": [
				{
					"name": "Default",
					"originalRequest": {
						"method": "PUT",
						"header": [
							{
								"key": "Content-Type",
								"value": "application/pdf",
								"description": "PDF",
								"type": "text"
							},
							{
								"key": "Password",
								"value": "test@123",
								"type": "text"
							}
						],
						"body": {
							"mode": "file",
							"file": {
								"src": "ZeNcCMUSh/ticket2.pdf"
							}
						},
						"url": {
							"raw": "{{url}}/file/password",
							"host": [
								"{{url}}"
							],
							"path": [
								"file",
								"password"
							]
						}
					},
					"status": "OK",
					"code": 200,
					"_postman_previewlanguage": "html",
					"header": [
						{
							"key": "Date",
							"value": "Mon, 13 Feb 2023 19:08:44 GMT"
						},
						{
							"key": "Content-Type",
							"value": "text/html; charset=utf-8"
						},
						{
							"key": "Content-Length",
							"value": "18"
						},
						{
							"key": "Connection",
							"value": "keep-alive"
						},
						{
							"key": "x-srv-trace",
							"value": "v=1;t=0d4c5b0567547a67"
						},
						{
							"key": "x-srv-span",
							"value": "v=1;s=e0441c8231ac2a36"
						},
						{
							"key": "Access-Control-Allow-Origin",
							"value": "*"
						},
						{
							"key": "X-RateLimit-Limit",
							"value": "120"
						},
						{
							"key": "X-RateLimit-Remaining",
							"value": "119"
						},
						{
							"key": "X-RateLimit-Reset",
							"value": "1676315384"
						},
						{
							"key": "ETag",
							"value": "W/\"12-1aL3LqTqVC5XhnYQoO/fhBauQA8\""
						},
						{
							"key": "Vary",
							"value": "Accept-Encoding"
						}
					],
					"cookie": [],
					"body": "{\"response\":\"file updated with password\"}"
				}
			]
		}
	],
	"variable": [
		{
			"key": "url",
			"value": "https://0357ff7e-6dbe-4c44-ac86-9c69e6ea66f8.mock.pstmn.io"
		}
	]
}