{
	"info": {
		"_postman_id": "b99b64e1-32a2-4a99-a84f-2e682567f3b1",
		"name": "q7-mock-api-cross-origin",
		"schema": "https://schema.getpostman.com/json/collection/v2.1.0/collection.json",
		"_exporter_id": "14749857"
	},
	"item": [
		{
			"name": "cross-origin/",
			"protocolProfileBehavior": {
				"disableBodyPruning": true
			},
			"request": {
				"method": "GET",
				"header": [],
				"body": {
					"mode": "raw",
					"raw": ""
				},
				"url": {
					"raw": "{{url}}/cross-origin/",
					"host": [
						"{{url}}"
					],
					"path": [
						"cross-origin",
						""
					]
				}
			},
			"response": [
				{
					"name": "Default",
					"originalRequest": {
						"method": "GET",
						"header": [
							{
								"key": "Access-Control-Request-Headers",
								"value": "application/json",
								"type": "text"
							},
							{
								"key": "Access-Control-Request-Method",
								"value": "application/json",
								"type": "text"
							}
						],
						"body": {
							"mode": "raw",
							"raw": ""
						},
						"url": {
							"raw": "{{url}}/cross-origin/",
							"host": [
								"{{url}}"
							],
							"path": [
								"cross-origin",
								""
							]
						}
					},
					"code": 200,
					"_postman_previewlanguage": null,
					"header": [
						{
							"key": "Access-Control-Allow-Origin",
							"value": "https://34822c70-2211-46a0-8316-7ff2b563af98.mock.pstmn.io",
							"description": "",
							"type": "text"
						}
					],
					"cookie": [],
					"body": "{\"response\":\"cross origin\"}"
				}
			]
		}
	],
	"variable": [
		{
			"key": "url",
			"value": "https://34822c70-2211-46a0-8316-7ff2b563af98.mock.pstmn.io"
		}
	]
}