{
	"info": {
		"_postman_id": "3ec37abf-bbb6-4d62-9ec4-cebb3e338a5c",
		"name": "q8-mock-api-cookie-auth",
		"schema": "https://schema.getpostman.com/json/collection/v2.1.0/collection.json",
		"_exporter_id": "14749857"
	},
	"item": [
		{
			"name": "cookie/auth",
			"request": {
				"auth": {
					"type": "bearer",
					"bearer": [
						{
							"key": "token",
							"value": "{{custom-token}}",
							"type": "string"
						}
					]
				},
				"method": "POST",
				"header": [
					{
						"key": "Authorization",
						"value": "Bearer {{custom-token}}",
						"type": "text"
					},
					{
						"key": "Cookie",
						"value": "application/json",
						"type": "text"
					}
				],
				"body": {
					"mode": "raw",
					"raw": ""
				},
				"url": {
					"raw": "{{url}}/cookie/auth",
					"host": [
						"{{url}}"
					],
					"path": [
						"cookie",
						"auth"
					]
				}
			},
			"response": [
				{
					"name": "Default",
					"originalRequest": {
						"method": "POST",
						"header": [],
						"body": {
							"mode": "raw",
							"raw": ""
						},
						"url": {
							"raw": "{{url}}/cookie/auth?Authorizetion=Bearer {{custom-token}}&Cookie=my_cookie",
							"host": [
								"{{url}}"
							],
							"path": [
								"cookie",
								"auth"
							],
							"query": [
								{
									"key": "Authorizetion",
									"value": "Bearer {{custom-token}}"
								},
								{
									"key": "Cookie",
									"value": "my_cookie"
								}
							]
						}
					},
					"code": 200,
					"_postman_previewlanguage": null,
					"header": null,
					"cookie": [],
					"body": "{\"response\":\"cookie-authentication\"}"
				}
			]
		}
	],
	"variable": [
		{
			"key": "url",
			"value": "https://f707d4b9-089a-4a3b-9fdf-92ae33b4adb6.mock.pstmn.io"
		},
		{
			"key": "custom-token",
			"value": "test@123"
		}
	]
}